N,T,p,d,runtime_h_us,runtime_g_us,mean_error_h,max_error_h,mean_error_g,max_error_g,mean_error_h_g, converged_h, converged_g
5000,2,5,2,1147,203212,0.0484567,0.076137,0.050007,0.0836515,0.00483435,1,1
10000,2,5,2,1268,269785,0.0467164,0.0805404,0.0499565,0.0886974,0.00488107,1,1
15000,2,5,2,2169,588806,0.0376773,0.0651621,0.0408878,0.0731754,0.00489752,1,1
20000,2,5,2,2193,509969,0.0370874,0.061595,0.0403699,0.0692607,0.00496222,1,1
25000,2,5,2,3254,958808,0.0355543,0.0554283,0.0387969,0.0630027,0.00495913,1,1
30000,2,5,2,3761,1216647,0.0272195,0.0446325,0.0305186,0.0526482,0.00491223,1,1
35000,2,5,2,4782,1356723,0.0204415,0.0386523,0.0237408,0.0466141,0.00482558,1,1
40000,2,5,2,5696,1524984,0.0181042,0.0302269,0.0229035,0.0378465,0.00479929,1,1
45000,2,5,2,5510,1700789,0.0176748,0.0289576,0.021304,0.036897,0.00481843,1,1
50000,2,5,2,5377,1271820,0.0161622,0.0304205,0.0193686,0.0347392,0.00475865,1,1
55000,2,5,2,6823,1950550,0.0118778,0.0243109,0.01614,0.028728,0.00474941,1,1
60000,2,5,2,6112,1514382,0.00960121,0.0228227,0.0140666,0.0287782,0.00471475,1,1
65000,2,5,2,8780,2345507,0.00890926,0.0207992,0.0124463,0.0284067,0.00468418,1,1
70000,2,5,2,9053,2570259,0.00896007,0.022271,0.0134354,0.0299033,0.00470888,1,1
75000,2,5,2,9290,2742256,0.00856073,0.0207086,0.01328,0.0283941,0.00471927,1,1
80000,2,5,2,10057,2808215,0.00725454,0.0153131,0.0119689,0.0229804,0.00471436,1,1
85000,2,5,2,10216,2976534,0.00650415,0.0173052,0.0112214,0.0217838,0.00471726,1,1
90000,2,5,2,10393,3136117,0.00842846,0.0155583,0.0131384,0.0201984,0.00470999,1,1
95000,2,5,2,8449,2340133,0.00831132,0.0121531,0.0129819,0.0195903,0.0046861,1,1
100000,2,5,2,12281,3623650,0.00537093,0.00912465,0.0100282,0.0136302,0.00467003,1,1
105000,2,5,2,10576,3649053,0.00478279,0.00895361,0.0094501,0.0141161,0.00468286,1,1
110000,2,5,2,12402,3947155,0.00477581,0.00982241,0.00942375,0.0142855,0.00466454,1,1
115000,2,5,2,12734,4054350,0.00621469,0.0112776,0.0108741,0.0157423,0.00468005,1,1
120000,2,5,2,14919,4069761,0.00698012,0.0124408,0.0106552,0.0168833,0.00467408,1,1
125000,2,5,2,13875,4455927,0.00611432,0.0098149,0.00954479,0.0162793,0.00465097,1,1
130000,2,5,2,14002,4421576,0.00605109,0.00926193,0.00962835,0.0145072,0.0046555,1,1
135000,2,5,2,13924,3196139,0.00577404,0.00798618,0.0092848,0.0155567,0.00465929,1,1
140000,2,5,2,15877,4730513,0.00571117,0.00913846,0.00888518,0.0166953,0.00464818,1,1
145000,2,5,2,15900,4794374,0.00642739,0.0100732,0.00971576,0.0176695,0.00466301,1,1
150000,2,5,2,16403,5089422,0.00562978,0.00931398,0.0093335,0.0168863,0.00465242,1,1
5000,3,5,2,863,106413,0.0484567,0.076137,0.050007,0.0836515,0.00483435,1,1
10000,3,5,2,1046,278728,0.0467164,0.0805404,0.0499565,0.0886974,0.00488107,1,1
15000,3,5,2,1768,404135,0.0376773,0.0651621,0.0408878,0.0731754,0.00489752,1,1
20000,3,5,2,2344,512420,0.0370874,0.061595,0.0403699,0.0692607,0.00496222,1,1
25000,3,5,2,2725,655663,0.0355543,0.0554283,0.0387969,0.0630027,0.00495913,1,1
30000,3,5,2,3073,795395,0.0272195,0.0446325,0.0305186,0.0526482,0.00491223,1,1
35000,3,5,2,4070,957090,0.0204415,0.0386523,0.0237408,0.0466141,0.00482558,1,1
40000,3,5,2,4219,1027667,0.0181042,0.0302269,0.0229035,0.0378465,0.00479929,1,1
45000,3,5,2,4302,947433,0.0176748,0.0289576,0.021304,0.036897,0.00481843,1,1
50000,3,5,2,5897,1312917,0.0161622,0.0304205,0.0193686,0.0347392,0.00475865,1,1
55000,3,5,2,4920,1147257,0.0118778,0.0243109,0.01614,0.028728,0.00474941,1,1
60000,3,5,2,6945,1630041,0.00960121,0.0228227,0.0140666,0.0287782,0.00471475,1,1
65000,3,5,2,6429,1377411,0.00890926,0.0207992,0.0124463,0.0284067,0.00468418,1,1
70000,3,5,2,7108,1843755,0.00896007,0.022271,0.0134354,0.0299033,0.00470888,1,1
75000,3,5,2,8862,1966091,0.00856073,0.0207086,0.01328,0.0283941,0.00471927,1,1
80000,3,5,2,8612,2096784,0.00725454,0.0153131,0.0119689,0.0229804,0.00471436,1,1
85000,3,5,2,7854,2149844,0.00650415,0.0173052,0.0112214,0.0217838,0.00471726,1,1
90000,3,5,2,8366,2301267,0.00842846,0.0155583,0.0131384,0.0201984,0.00470999,1,1
95000,3,5,2,10199,2441421,0.00831132,0.0121531,0.0129819,0.0195903,0.0046861,1,1
100000,3,5,2,10038,2594067,0.00537093,0.00912465,0.0100282,0.0136302,0.00467003,1,1
105000,3,5,2,9386,2692727,0.00478279,0.00895361,0.0094501,0.0141161,0.00468286,1,1
110000,3,5,2,9792,2715094,0.00477581,0.00982241,0.00942375,0.0142855,0.00466454,1,1
115000,3,5,2,11568,2864967,0.00621469,0.0112776,0.0108741,0.0157423,0.00468005,1,1
120000,3,5,2,9773,2352564,0.00698012,0.0124408,0.0106552,0.0168833,0.00467408,1,1
125000,3,5,2,12461,3186518,0.00611432,0.0098149,0.00954479,0.0162793,0.00465097,1,1
130000,3,5,2,12087,3262533,0.00605109,0.00926193,0.00962835,0.0145072,0.0046555,1,1
135000,3,5,2,14448,3407711,0.00577404,0.00798618,0.0092848,0.0155567,0.00465929,1,1
140000,3,5,2,13927,3526772,0.00571117,0.00913846,0.00888518,0.0166953,0.00464818,1,1
145000,3,5,2,14804,3613851,0.00642739,0.0100732,0.00971576,0.0176695,0.00466301,1,1
150000,3,5,2,14622,2869951,0.00562978,0.00931398,0.0093335,0.0168863,0.00465242,1,1
5000,4,5,2,627,103719,0.0484567,0.076137,0.050007,0.0836515,0.00483435,1,1
10000,4,5,2,981,206734,0.0467164,0.0805404,0.0499565,0.0886974,0.00488107,1,1
15000,4,5,2,1324,288987,0.0376773,0.0651621,0.0408878,0.0731754,0.00489752,1,1
20000,4,5,2,1644,394196,0.0370874,0.061595,0.0403699,0.0692607,0.00496222,1,1
25000,4,5,2,2089,451683,0.0355543,0.0554283,0.0387969,0.0630027,0.00495913,1,1
30000,4,5,2,2514,543306,0.0272195,0.0446325,0.0305186,0.0526482,0.00491223,1,1
35000,4,5,2,2899,627821,0.0204415,0.0386523,0.0237408,0.0466141,0.00482558,1,1
40000,4,5,2,3294,697114,0.0181042,0.0302269,0.0229035,0.0378465,0.00479929,1,1
45000,4,5,2,4283,850654,0.0176748,0.0289576,0.021304,0.036897,0.00481843,1,1
50000,4,5,2,4660,970618,0.0161622,0.0304205,0.0193686,0.0347392,0.00475865,1,1
55000,4,5,2,5277,1015155,0.0118778,0.0243109,0.01614,0.028728,0.00474941,1,1
60000,4,5,2,4543,1122615,0.00960121,0.0228227,0.0140666,0.0287782,0.00471475,1,1
65000,4,5,2,5609,1269870,0.00890926,0.0207992,0.0124463,0.0284067,0.00468418,1,1
70000,4,5,2,5590,1312356,0.00896007,0.022271,0.0134354,0.0299033,0.00470888,1,1
75000,4,5,2,6088,1317656,0.00856073,0.0207086,0.01328,0.0283941,0.00471927,1,1
80000,4,5,2,7078,1560392,0.00725454,0.0153131,0.0119689,0.0229804,0.00471436,1,1
85000,4,5,2,7456,1613410,0.00650415,0.0173052,0.0112214,0.0217838,0.00471726,1,1
90000,4,5,2,7643,1623750,0.00842846,0.0155583,0.0131384,0.0201984,0.00470999,1,1
95000,4,5,2,7841,1689646,0.00831132,0.0121531,0.0129819,0.0195903,0.0046861,1,1
100000,4,5,2,7995,1834007,0.00537093,0.00912465,0.0100282,0.0136302,0.00467003,1,1
105000,4,5,2,8563,1975131,0.00478279,0.00895361,0.0094501,0.0141161,0.00468286,1,1
110000,4,5,2,9161,2019367,0.00477581,0.00982241,0.00942375,0.0142855,0.00466454,1,1
115000,4,5,2,8800,1995172,0.00621469,0.0112776,0.0108741,0.0157423,0.00468005,1,1
120000,4,5,2,9033,2148443,0.00698012,0.0124408,0.0106552,0.0168833,0.00467408,1,1
125000,4,5,2,10494,2305459,0.00611432,0.0098149,0.00954479,0.0162793,0.00465097,1,1
130000,4,5,2,9813,2364800,0.00605109,0.00926193,0.00962835,0.0145072,0.0046555,1,1
135000,4,5,2,10952,2393826,0.00577404,0.00798618,0.0092848,0.0155567,0.00465929,1,1
140000,4,5,2,11826,2450338,0.00571117,0.00913846,0.00888518,0.0166953,0.00464818,1,1
145000,4,5,2,11145,2624157,0.00642739,0.0100732,0.00971576,0.0176695,0.00466301,1,1
150000,4,5,2,12314,2676521,0.00562978,0.00931398,0.0093335,0.0168863,0.00465242,1,1
5000,5,5,2,597,99742,0.0484567,0.076137,0.050007,0.0836515,0.00483435,1,1
10000,5,5,2,771,191053,0.0467164,0.0805404,0.0499565,0.0886974,0.00488107,1,1
15000,5,5,2,1174,264555,0.0376773,0.0651621,0.0408878,0.0731754,0.00489752,1,1
20000,5,5,2,1434,374227,0.0370874,0.061595,0.0403699,0.0692607,0.00496222,1,1
25000,5,5,2,1832,479657,0.0355543,0.0554283,0.0387969,0.0630027,0.00495913,1,1
30000,5,5,2,2092,534283,0.0272195,0.0446325,0.0305186,0.0526482,0.00491223,1,1
35000,5,5,2,2485,674417,0.0204415,0.0386523,0.0237408,0.0466141,0.00482558,1,1
40000,5,5,2,2736,683687,0.0181042,0.0302269,0.0229035,0.0378465,0.00479929,1,1
45000,5,5,2,3139,752670,0.0176748,0.0289576,0.021304,0.036897,0.00481843,1,1
50000,5,5,2,3545,854204,0.0161622,0.0304205,0.0193686,0.0347392,0.00475865,1,1
55000,5,5,2,3770,1042164,0.0118778,0.0243109,0.01614,0.028728,0.00474941,1,1
60000,5,5,2,4166,1128664,0.00960121,0.0228227,0.0140666,0.0287782,0.00471475,1,1
65000,5,5,2,4576,996587,0.00890926,0.0207992,0.0124463,0.0284067,0.00468418,1,1
70000,5,5,2,4832,1030739,0.00896007,0.022271,0.0134354,0.0299033,0.00470888,1,1
75000,5,5,2,4635,1306323,0.00856073,0.0207086,0.01328,0.0283941,0.00471927,1,1
80000,5,5,2,5721,1487445,0.00725454,0.0153131,0.0119689,0.0229804,0.00471436,1,1
85000,5,5,2,6338,1592490,0.00650415,0.0173052,0.0112214,0.0217838,0.00471726,1,1
90000,5,5,2,6568,1419151,0.00842846,0.0155583,0.0131384,0.0201984,0.00470999,1,1
95000,5,5,2,6248,1575727,0.00831132,0.0121531,0.0129819,0.0195903,0.0046861,1,1
100000,5,5,2,6924,1894278,0.00537093,0.00912465,0.0100282,0.0136302,0.00467003,1,1
105000,5,5,2,6653,1835159,0.00478279,0.00895361,0.0094501,0.0141161,0.00468286,1,1
110000,5,5,2,8307,1894578,0.00477581,0.00982241,0.00942375,0.0142855,0.00466454,1,1
115000,5,5,2,7421,2054811,0.00621469,0.0112776,0.0108741,0.0157423,0.00468005,1,1
120000,5,5,2,8669,2043215,0.00698012,0.0124408,0.0106552,0.0168833,0.00467408,1,1
125000,5,5,2,8431,1896010,0.00611432,0.0098149,0.00954479,0.0162793,0.00465097,1,1
130000,5,5,2,8675,2274664,0.00605109,0.00926193,0.00962835,0.0145072,0.0046555,1,1
135000,5,5,2,9809,2042556,0.00577404,0.00798618,0.0092848,0.0155567,0.00465929,1,1
140000,5,5,2,9399,2375847,0.00571117,0.00913846,0.00888518,0.0166953,0.00464818,1,1
145000,5,5,2,9598,2080739,0.00642739,0.0100732,0.00971576,0.0176695,0.00466301,1,1
150000,5,5,2,9858,2630104,0.00562978,0.00931398,0.0093335,0.0168863,0.00465242,1,1
5000,6,5,2,440,96964,0.0484567,0.076137,0.050007,0.0836515,0.00483435,1,1
10000,6,5,2,664,171942,0.0467164,0.0805404,0.0499565,0.0886974,0.00488107,1,1
15000,6,5,2,914,244561,0.0376773,0.0651621,0.0408878,0.0731754,0.00489752,1,1
20000,6,5,2,1167,303629,0.0370874,0.061595,0.0403699,0.0692607,0.00496222,1,1
25000,6,5,2,1387,388069,0.0355543,0.0554283,0.0387969,0.0630027,0.00495913,1,1
30000,6,5,2,1720,480739,0.0272195,0.0446325,0.0305186,0.0526482,0.00491223,1,1
35000,6,5,2,2022,563129,0.0204415,0.0386523,0.0237408,0.0466141,0.00482558,1,1
40000,6,5,2,2495,529466,0.0181042,0.0302269,0.0229035,0.0378465,0.00479929,1,1
45000,6,5,2,2497,681825,0.0176748,0.0289576,0.021304,0.036897,0.00481843,1,1
50000,6,5,2,2822,754610,0.0161622,0.0304205,0.0193686,0.0347392,0.00475865,1,1
55000,6,5,2,3329,718584,0.0118778,0.0243109,0.01614,0.028728,0.00474941,1,1
60000,6,5,2,3700,781481,0.00960121,0.0228227,0.0140666,0.0287782,0.00471475,1,1
65000,6,5,2,4026,855866,0.00890926,0.0207992,0.0124463,0.0284067,0.00468418,1,1
70000,6,5,2,3751,1058084,0.00896007,0.022271,0.0134354,0.0299033,0.00470888,1,1
75000,6,5,2,4082,1172506,0.00856073,0.0207086,0.01328,0.0283941,0.00471927,1,1
80000,6,5,2,4438,1206943,0.00725454,0.0153131,0.0119689,0.0229804,0.00471436,1,1
85000,6,5,2,4761,1362545,0.00650415,0.0173052,0.0112214,0.0217838,0.00471726,1,1
90000,6,5,2,4909,1350036,0.00842846,0.0155583,0.0131384,0.0201984,0.00470999,1,1
95000,6,5,2,4817,1431868,0.00831132,0.0121531,0.0129819,0.0195903,0.0046861,1,1
100000,6,5,2,5520,1612840,0.00537093,0.00912465,0.0100282,0.0136302,0.00467003,1,1
105000,6,5,2,5459,1503307,0.00478279,0.00895361,0.0094501,0.0141161,0.00468286,1,1
110000,6,5,2,5869,1619947,0.00477581,0.00982241,0.00942375,0.0142855,0.00466454,1,1
115000,6,5,2,5961,1657915,0.00621469,0.0112776,0.0108741,0.0157423,0.00468005,1,1
120000,6,5,2,6519,1829537,0.00698012,0.0124408,0.0106552,0.0168833,0.00467408,1,1
125000,6,5,2,6792,1886549,0.00611432,0.0098149,0.00954479,0.0162793,0.00465097,1,1
130000,6,5,2,6901,1903472,0.00605109,0.00926193,0.00962835,0.0145072,0.0046555,1,1
135000,6,5,2,6821,2043414,0.00577404,0.00798618,0.0092848,0.0155567,0.00465929,1,1
140000,6,5,2,7478,2026694,0.00571117,0.00913846,0.00888518,0.0166953,0.00464818,1,1
145000,6,5,2,7184,2248206,0.00642739,0.0100732,0.00971576,0.0176695,0.00466301,1,1
150000,6,5,2,7944,1925073,0.00562978,0.00931398,0.0093335,0.0168863,0.00465242,1,1
5000,7,5,2,370,114623,0.0484567,0.076137,0.050007,0.0836515,0.00483435,1,1
10000,7,5,2,766,208018,0.0467164,0.0805404,0.0499565,0.0886974,0.00488107,1,1
15000,7,5,2,837,288088,0.0376773,0.0651621,0.0408878,0.0731754,0.00489752,1,1
20000,7,5,2,1141,267007,0.0370874,0.061595,0.0403699,0.0692607,0.00496222,1,1
25000,7,5,2,1374,328914,0.0355543,0.0554283,0.0387969,0.0630027,0.00495913,1,1
30000,7,5,2,1555,529373,0.0272195,0.0446325,0.0305186,0.0526482,0.00491223,1,1
35000,7,5,2,1790,646585,0.0204415,0.0386523,0.0237408,0.0466141,0.00482558,1,1
40000,7,5,2,2186,510133,0.0181042,0.0302269,0.0229035,0.0378465,0.00479929,1,1
45000,7,5,2,2187,827094,0.0176748,0.0289576,0.021304,0.036897,0.00481843,1,1
50000,7,5,2,2238,912307,0.0161622,0.0304205,0.0193686,0.0347392,0.00475865,1,1
55000,7,5,2,2907,899827,0.0118778,0.0243109,0.01614,0.028728,0.00474941,1,1
60000,7,5,2,3044,1100041,0.00960121,0.0228227,0.0140666,0.0287782,0.00471475,1,1
65000,7,5,2,3318,1005579,0.00890926,0.0207992,0.0124463,0.0284067,0.00468418,1,1
70000,7,5,2,3561,862275,0.00896007,0.022271,0.0134354,0.0299033,0.00470888,1,1
75000,7,5,2,3811,1322744,0.00856073,0.0207086,0.01328,0.0283941,0.00471927,1,1
80000,7,5,2,4061,1457531,0.00725454,0.0153131,0.0119689,0.0229804,0.00471436,1,1
85000,7,5,2,4441,1353938,0.00650415,0.0173052,0.0112214,0.0217838,0.00471726,1,1
90000,7,5,2,4512,1434487,0.00842846,0.0155583,0.0131384,0.0201984,0.00470999,1,1
95000,7,5,2,4509,1722304,0.00831132,0.0121531,0.0129819,0.0195903,0.0046861,1,1
100000,7,5,2,4891,1782557,0.00537093,0.00912465,0.0100282,0.0136302,0.00467003,1,1
105000,7,5,2,5620,1292305,0.00478279,0.00895361,0.0094501,0.0141161,0.00468286,1,1
110000,7,5,2,5514,1988814,0.00477581,0.00982241,0.00942375,0.0142855,0.00466454,1,1
115000,7,5,2,5778,2011847,0.00621469,0.0112776,0.0108741,0.0157423,0.00468005,1,1
120000,7,5,2,5508,2086941,0.00698012,0.0124408,0.0106552,0.0168833,0.00467408,1,1
125000,7,5,2,5728,2221325,0.00611432,0.0098149,0.00954479,0.0162793,0.00465097,1,1
130000,7,5,2,6152,2046404,0.00605109,0.00926193,0.00962835,0.0145072,0.0046555,1,1
135000,7,5,2,7071,1981541,0.00577404,0.00798618,0.0092848,0.0155567,0.00465929,1,1
140000,7,5,2,6919,2051154,0.00571117,0.00913846,0.00888518,0.0166953,0.00464818,1,1
145000,7,5,2,7221,1760456,0.00642739,0.0100732,0.00971576,0.0176695,0.00466301,1,1
150000,7,5,2,7399,2658386,0.00562978,0.00931398,0.0093335,0.0168863,0.00465242,1,1
5000,8,5,2,608,105840,0.0484567,0.076137,0.050007,0.0836515,0.00483435,1,1
10000,8,5,2,555,165701,0.0467164,0.0805404,0.0499565,0.0886974,0.00488107,1,1
15000,8,5,2,935,194271,0.0376773,0.0651621,0.0408878,0.0731754,0.00489752,1,1
20000,8,5,2,1218,243400,0.0370874,0.061595,0.0403699,0.0692607,0.00496222,1,1
25000,8,5,2,1451,298686,0.0355543,0.0554283,0.0387969,0.0630027,0.00495913,1,1
30000,8,5,2,1530,432146,0.0272195,0.0446325,0.0305186,0.0526482,0.00491223,1,1
35000,8,5,2,2006,404503,0.0204415,0.0386523,0.0237408,0.0466141,0.00482558,1,1
40000,8,5,2,2151,563722,0.0181042,0.0302269,0.0229035,0.0378465,0.00479929,1,1
45000,8,5,2,2390,640351,0.0176748,0.0289576,0.021304,0.036897,0.00481843,1,1
50000,8,5,2,2376,700224,0.0161622,0.0304205,0.0193686,0.0347392,0.00475865,1,1
55000,8,5,2,2820,780835,0.0118778,0.0243109,0.01614,0.028728,0.00474941,1,1
60000,8,5,2,3217,654742,0.00960121,0.0228227,0.0140666,0.0287782,0.00471475,1,1
65000,8,5,2,3152,916067,0.00890926,0.0207992,0.0124463,0.0284067,0.00468418,1,1
70000,8,5,2,3805,774715,0.00896007,0.022271,0.0134354,0.0299033,0.00470888,1,1
75000,8,5,2,3581,919865,0.00856073,0.0207086,0.01328,0.0283941,0.00471927,1,1
80000,8,5,2,4331,893178,0.00725454,0.0153131,0.0119689,0.0229804,0.00471436,1,1
85000,8,5,2,3884,1040938,0.00650415,0.0173052,0.0112214,0.0217838,0.00471726,1,1
90000,8,5,2,4107,1123242,0.00842846,0.0155583,0.0131384,0.0201984,0.00470999,1,1
95000,8,5,2,4558,1161472,0.00831132,0.0121531,0.0129819,0.0195903,0.0046861,1,1
100000,8,5,2,5728,1126830,0.00537093,0.00912465,0.0100282,0.0136302,0.00467003,1,1
105000,8,5,2,5694,1185321,0.00478279,0.00895361,0.0094501,0.0141161,0.00468286,1,1
110000,8,5,2,5366,1514601,0.00477581,0.00982241,0.00942375,0.0142855,0.00466454,1,1
115000,8,5,2,6319,1300824,0.00621469,0.0112776,0.0108741,0.0157423,0.00468005,1,1
120000,8,5,2,6127,1653502,0.00698012,0.0124408,0.0106552,0.0168833,0.00467408,1,1
125000,8,5,2,6524,1776087,0.00611432,0.0098149,0.00954479,0.0162793,0.00465097,1,1
130000,8,5,2,6818,1854666,0.00605109,0.00926193,0.00962835,0.0145072,0.0046555,1,1
135000,8,5,2,6854,1894015,0.00577404,0.00798618,0.0092848,0.0155567,0.00465929,1,1
140000,8,5,2,7086,1961835,0.00571117,0.00913846,0.00888518,0.0166953,0.00464818,1,1
145000,8,5,2,7127,2033000,0.00642739,0.0100732,0.00971576,0.0176695,0.00466301,1,1
150000,8,5,2,7315,2062402,0.00562978,0.00931398,0.0093335,0.0168863,0.00465242,1,1
5000,9,5,2,394,118132,0.0484567,0.076137,0.050007,0.0836515,0.00483435,1,1
10000,9,5,2,696,153033,0.0467164,0.0805404,0.0499565,0.0886974,0.00488107,1,1
15000,9,5,2,791,171493,0.0376773,0.0651621,0.0408878,0.0731754,0.00489752,1,1
20000,9,5,2,945,293972,0.0370874,0.061595,0.0403699,0.0692607,0.00496222,1,1
25000,9,5,2,1138,353110,0.0355543,0.0554283,0.0387969,0.0630027,0.00495913,1,1
30000,9,5,2,1399,310422,0.0272195,0.0446325,0.0305186,0.0526482,0.00491223,1,1
35000,9,5,2,1641,348636,0.0204415,0.0386523,0.0237408,0.0466141,0.00482558,1,1
40000,9,5,2,1889,478816,0.0181042,0.0302269,0.0229035,0.0378465,0.00479929,1,1
45000,9,5,2,2118,426035,0.0176748,0.0289576,0.021304,0.036897,0.00481843,1,1
50000,9,5,2,2214,673758,0.0161622,0.0304205,0.0193686,0.0347392,0.00475865,1,1
55000,9,5,2,2399,646177,0.0118778,0.0243109,0.01614,0.028728,0.00474941,1,1
60000,9,5,2,2704,631925,0.00960121,0.0228227,0.0140666,0.0287782,0.00471475,1,1
65000,9,5,2,3636,934586,0.00890926,0.0207992,0.0124463,0.0284067,0.00468418,1,1
70000,9,5,2,3800,1113513,0.00896007,0.022271,0.0134354,0.0299033,0.00470888,1,1
75000,9,5,2,4275,809133,0.00856073,0.0207086,0.01328,0.0283941,0.00471927,1,1
80000,9,5,2,3969,1266049,0.00725454,0.0153131,0.0119689,0.0229804,0.00471436,1,1
85000,9,5,2,4032,1383617,0.00650415,0.0173052,0.0112214,0.0217838,0.00471726,1,1
90000,9,5,2,4786,1300791,0.00842846,0.0155583,0.0131384,0.0201984,0.00470999,1,1
95000,9,5,2,5183,998712,0.00831132,0.0121531,0.0129819,0.0195903,0.0046861,1,1
100000,9,5,2,5472,1459721,0.00537093,0.00912465,0.0100282,0.0136302,0.00467003,1,1
105000,9,5,2,5564,1515600,0.00478279,0.00895361,0.0094501,0.0141161,0.00468286,1,1
110000,9,5,2,5670,1160131,0.00477581,0.00982241,0.00942375,0.0142855,0.00466454,1,1
115000,9,5,2,6122,1230577,0.00621469,0.0112776,0.0108741,0.0157423,0.00468005,1,1
120000,9,5,2,5721,1956522,0.00698012,0.0124408,0.0106552,0.0168833,0.00467408,1,1
125000,9,5,2,5838,2005992,0.00611432,0.0098149,0.00954479,0.0162793,0.00465097,1,1
130000,9,5,2,6083,2145313,0.00605109,0.00926193,0.00962835,0.0145072,0.0046555,1,1
135000,9,5,2,6259,2178203,0.00577404,0.00798618,0.0092848,0.0155567,0.00465929,1,1
140000,9,5,2,6997,2037967,0.00571117,0.00913846,0.00888518,0.0166953,0.00464818,1,1
145000,9,5,2,7156,2329658,0.00642739,0.0100732,0.00971576,0.0176695,0.00466301,1,1
150000,9,5,2,7215,1560174,0.00562978,0.00931398,0.0093335,0.0168863,0.00465242,1,1
